Question,Dimension Key,Dimension,Source Locked,Candidates,A — Official,Manager-scoped Candidates,Coverage Status,Next Action,Boundary
Q39,customers,Customers,Yes,0,0,0,Open — subtopic evidence gap,Find original evidence on customer treatment/value and any counter-evidence.,Coverage audit only — not a management score; analyst verification/promotion required.
Q39,employees,Employees,Yes,0,0,0,Open — subtopic evidence gap,Find original evidence on employee treatment/value and any counter-evidence.,Coverage audit only — not a management score; analyst verification/promotion required.
Q39,suppliers,Suppliers,Yes,0,0,0,Open — subtopic evidence gap,Find original evidence on supplier relationships and any counter-evidence.,Coverage audit only — not a management score; analyst verification/promotion required.
Q39,shareholders,Shareholders,Yes,30,30,0,Candidate coverage — analyst verify,Find original evidence on shareholder treatment and capital stewardship.,Coverage audit only — not a management score; analyst verification/promotion required.
Q39,business_partners,Business partners,Yes,0,0,0,Open — subtopic evidence gap,Find original evidence on partner relationships and any counter-evidence.,Coverage audit only — not a management score; analyst verification/promotion required.
Q39,other_stakeholders,Other stakeholders,Yes,0,0,0,Open — subtopic evidence gap,Find original evidence for other material stakeholders; do not substitute slogans for operating evidence.,Coverage audit only — not a management score; analyst verification/promotion required.
Q40,continuous_improvement,Continuous improvement,Yes,0,0,0,Open — subtopic evidence gap,Verify repeatable day-to-day improvement practices from dated evidence.,Coverage audit only — not a management score; analyst verification/promotion required.
Q40,strategic_plan,Strategic plan / transformation,Yes,0,0,0,Open — subtopic evidence gap,Verify strategic-plan or transformational-bet evidence and observed follow-through.,Coverage audit only — not a management score; analyst verification/promotion required.
Q40,frontline_feedback,Frontline feedback,Yes,4,4,0,Candidate coverage — analyst verify,Find evidence that frontline/customer feedback reaches operating decisions.,Coverage audit only — not a management score; analyst verification/promotion required.
Q40,adaptation,Adaptation,Yes,0,0,0,Open — subtopic evidence gap,Find examples of management adapting operations when facts changed.,Coverage audit only — not a management score; analyst verification/promotion required.
Q41,guidance_issued,Guidance issued,Yes,18,18,0,Candidate coverage — analyst verify,Verify dated issued guidance and who issued it.,Coverage audit only — not a management score; analyst verification/promotion required.
Q41,guidance_revised_withdrawn,Guidance revised / withdrawn,Yes,0,0,0,Open — subtopic evidence gap,Verify revisions/withdrawals from original dated disclosures.,Coverage audit only — not a management score; analyst verification/promotion required.
Q41,guidance_actual_outcome,Guidance versus actual outcome,Yes,18,18,0,Candidate coverage — analyst verify,Pair explicit guidance with actual outcome; do not infer sandbagging/manipulation from arithmetic alone.,Coverage audit only — not a management score; analyst verification/promotion required.
Q42,central_control,Central control,Yes,0,0,0,Open — subtopic evidence gap,Map decisions retained centrally and the supporting evidence.,Coverage audit only — not a management score; analyst verification/promotion required.
Q42,delegation_autonomy,Delegation / autonomy,Yes,0,0,0,Open — subtopic evidence gap,Map delegated authority/autonomy and escalation controls.,Coverage audit only — not a management score; analyst verification/promotion required.
Q42,business_unit_rights,Business-unit decision rights,Yes,1,1,0,Candidate coverage — analyst verify,Verify business-unit/customer-proximity decision rights.,Coverage audit only — not a management score; analyst verification/promotion required.
Q43,employees_assets_or_liabilities,Does management treat its employees as assets or liabilities?,Yes,0,0,0,Open — subtopic evidence gap,Find dated original evidence for Q43 dimension `employees_assets_or_liabilities`; absence of evidence remains Unknown.,Coverage audit only — not a management score; analyst verification/promotion required.
Q43,employee_contributions,Does management talk about the contributions of their employees?,Yes,0,0,0,Open — subtopic evidence gap,Find dated original evidence for Q43 dimension `employee_contributions`; absence of evidence remains Unknown.,Coverage audit only — not a management score; analyst verification/promotion required.
Q43,retention_critical,Does management believe that retaining employees is critical?,Yes,0,0,0,Open — subtopic evidence gap,Find dated original evidence for Q43 dimension `retention_critical`; absence of evidence remains Unknown.,Coverage audit only — not a management score; analyst verification/promotion required.
Q43,promote_from_within,Does the business promote from within?,Yes,0,0,0,Open — subtopic evidence gap,Find dated original evidence for Q43 dimension `promote_from_within`; absence of evidence remains Unknown.,Coverage audit only — not a management score; analyst verification/promotion required.
Q43,promotion_path,Does management show employees how they can get promoted?,Yes,0,0,0,Open — subtopic evidence gap,Find dated original evidence for Q43 dimension `promotion_path`; absence of evidence remains Unknown.,Coverage audit only — not a management score; analyst verification/promotion required.
Q43,training_resources,Does the business invest significant resources in employee training?,Yes,0,0,0,Open — subtopic evidence gap,Find dated original evidence for Q43 dimension `training_resources`; absence of evidence remains Unknown.,Coverage audit only — not a management score; analyst verification/promotion required.
Q43,applicant_attraction,Does the business attract a great number of applicants?,Yes,0,0,0,Open — subtopic evidence gap,Find dated original evidence for Q43 dimension `applicant_attraction`; absence of evidence remains Unknown.,Coverage audit only — not a management score; analyst verification/promotion required.
Q43,employees_recruited_away,Are employees avidly recruited from the business?,Yes,0,0,0,Open — subtopic evidence gap,Find dated original evidence for Q43 dimension `employees_recruited_away`; absence of evidence remains Unknown.,Coverage audit only — not a management score; analyst verification/promotion required.
Q43,benefit_gap,Are there large differences between the benefits that the top managers receive versus employees?,Yes,0,0,0,Open — subtopic evidence gap,Find dated original evidence for Q43 dimension `benefit_gap`; absence of evidence remains Unknown.,Coverage audit only — not a management score; analyst verification/promotion required.
Q43,respectful_layoffs,Does management treat employees with respect when they lay them off?,Yes,0,0,0,Open — subtopic evidence gap,Find dated original evidence for Q43 dimension `respectful_layoffs`; absence of evidence remains Unknown.,Coverage audit only — not a management score; analyst verification/promotion required.
Q43,listens_to_employees,Does management listen to its employees?,Yes,0,0,0,Open — subtopic evidence gap,Find dated original evidence for Q43 dimension `listens_to_employees`; absence of evidence remains Unknown.,Coverage audit only — not a management score; analyst verification/promotion required.
Q43,strong_culture,Does the business have a strong culture?,Yes,0,0,0,Open — subtopic evidence gap,Find dated original evidence for Q43 dimension `strong_culture`; absence of evidence remains Unknown.,Coverage audit only — not a management score; analyst verification/promotion required.
Q43,shared_values,"Does the business have identifiable, shared values?",Yes,0,0,0,Open — subtopic evidence gap,Find dated original evidence for Q43 dimension `shared_values`; absence of evidence remains Unknown.,Coverage audit only — not a management score; analyst verification/promotion required.
Q43,employee_retention_rate,What is the employee-retention rate?,Yes,0,0,0,Open — subtopic evidence gap,Find dated original evidence for Q43 dimension `employee_retention_rate`; absence of evidence remains Unknown.,Coverage audit only — not a management score; analyst verification/promotion required.
Q44,internal_promotion_succession,Internal promotion / succession,Yes,0,0,0,Open — subtopic evidence gap,Verify internal promotions/succession decisions and subsequent outcomes.,Coverage audit only — not a management score; analyst verification/promotion required.
Q44,external_hire,External hire,Yes,0,0,0,Open — subtopic evidence gap,Verify material external hires and subsequent outcomes.,Coverage audit only — not a management score; analyst verification/promotion required.
Q44,selection_process,Selection / talent development,Yes,20,20,0,Candidate coverage — analyst verify,"Verify how management selects/develops people, not résumé prestige alone.",Coverage audit only — not a management score; analyst verification/promotion required.
Q44,candor_challenge,Candor / challenge,Yes,0,0,0,Open — subtopic evidence gap,Find evidence that management hires/listens to candid people who can challenge decisions.,Coverage audit only — not a management score; analyst verification/promotion required.
Q44,observed_outcome,Observed hiring outcome,Yes,1,1,0,Candidate coverage — analyst verify,Link important hiring/promotion decisions to observed operating/governance outcomes.,Coverage audit only — not a management score; analyst verification/promotion required.
Q45,cost_action,Cost reduction / waste removal,Yes,0,0,0,Open — subtopic evidence gap,Verify specific cost actions and whether they removed waste/non-core spend.,Coverage audit only — not a management score; analyst verification/promotion required.
Q45,customer_employee_impact,Customer / employee impact,Yes,0,0,0,Open — subtopic evidence gap,Verify whether cost actions harmed customers/employees or service capability.,Coverage audit only — not a management score; analyst verification/promotion required.
Q45,core_investment_preserved,Core investment preserved,Yes,0,0,0,Open — subtopic evidence gap,Verify whether management preserved/reinvested in core capabilities while cutting waste.,Coverage audit only — not a management score; analyst verification/promotion required.
Q45,restructuring_one_off,Restructuring / one-off context,Yes,0,0,0,Open — subtopic evidence gap,Identify recurring 'one-off' restructuring and distinguish it from durable efficiency.,Coverage audit only — not a management score; analyst verification/promotion required.
Q46,shearn_action_1,Reinvest in business / new projects,Yes,0,0,0,Open — subtopic evidence gap,Find dated original evidence for Shearn capital-allocation action: Reinvest in business / new projects.,Coverage audit only — not a management score; analyst verification/promotion required.
Q46,shearn_action_2,Hold cash,Yes,0,0,0,Open — subtopic evidence gap,Find dated original evidence for Shearn capital-allocation action: Hold cash.,Coverage audit only — not a management score; analyst verification/promotion required.
Q46,shearn_action_3,Pay dividends,Yes,30,30,0,Candidate coverage — analyst verify,Find dated original evidence for Shearn capital-allocation action: Pay dividends.,Coverage audit only — not a management score; analyst verification/promotion required.
Q46,shearn_action_4,Buy back stock,Yes,0,0,0,Open — subtopic evidence gap,Find dated original evidence for Shearn capital-allocation action: Buy back stock.,Coverage audit only — not a management score; analyst verification/promotion required.
Q46,shearn_action_5,Make acquisitions,Yes,0,0,0,Open — subtopic evidence gap,Find dated original evidence for Shearn capital-allocation action: Make acquisitions.,Coverage audit only — not a management score; analyst verification/promotion required.
Q46,discipline_hurdle_context,Discipline / hurdle evidence (context only),No — context only,0,0,0,Open — subtopic evidence gap,"Find explicit hurdle/discipline evidence; this is context, not a sixth Shearn action.",Coverage audit only — not a management score; analyst verification/promotion required.
Q47,authorization_program,Authorization / program,Yes,0,0,0,Open — subtopic evidence gap,Verify explicit buyback authorization/program from original disclosure.,Coverage audit only — not a management score; analyst verification/promotion required.
Q47,execution_shares_cash,Execution / shares / cash,Yes,0,0,0,Open — subtopic evidence gap,"Verify actual execution, shares and cash; share-count decline alone does not qualify.",Coverage audit only — not a management score; analyst verification/promotion required.
Q47,price_valuation,Price / valuation context,Yes,0,0,0,Open — subtopic evidence gap,Verify repurchase price and contemporaneous valuation rationale/context.,Coverage audit only — not a management score; analyst verification/promotion required.
Q47,liquidity_cash_context,Liquidity / cash context,Yes,0,0,0,Open — subtopic evidence gap,Verify liquidity/cash context around the repurchase decision.,Coverage audit only — not a management score; analyst verification/promotion required.
